,mukey,om,cec,ph
0,2745864,0.0,23.0,8.0
1,403232,0.0,15.0,8.0
2,3182562,5.0,26.0,7.0
3,403266,3.0,18.0,6.0
4,403266,4.0,19.0,6.0
5,399800,0.0,18.0,7.0
6,396132,0.0,19.0,8.0
7,1596035,0.0,11.0,7.0
8,2745864,1.0,33.0,7.0
9,399803,1.0,24.0,8.0
10,399796,0.0,16.0,7.0
11,399796,2.0,19.0,7.0
12,403232,3.0,21.0,7.0
13,403236,0.0,2.0,6.0
14,403266,0.0,20.0,6.0
15,403266,0.0,35.0,7.0
16,244689,2.0,14.0,6.0
17,3182562,2.0,25.0,7.0
18,399778,2.0,20.0,7.0
19,403266,0.0,18.0,7.0
20,399792,0.0,16.0,7.0
21,399776,4.0,20.0,7.0
22,399803,2.0,17.0,8.0
23,1150810,1.0,27.0,7.0
24,403232,1.0,24.0,7.0
25,403236,0.0,20.0,6.0
26,3182562,0.0,22.0,8.0
27,3182557,0.0,20.0,8.0
28,403232,0.0,12.0,8.0
29,2669024,2.0,21.0,7.0
30,403232,1.0,13.0,7.0
31,2669022,1.0,23.0,7.0
32,403266,4.0,19.0,6.0
33,399796,4.0,20.0,7.0
34,399792,3.0,20.0,6.0
35,244623,0.0,15.0,8.0
36,403268,2.0,25.0,6.0
37,399803,1.0,21.0,7.0
38,3182562,2.0,25.0,7.0
39,399803,0.0,15.0,8.0
40,403232,1.0,24.0,7.0
41,399803,1.0,24.0,8.0
42,403232,1.0,24.0,7.0
43,2745864,0.0,24.0,8.0
44,2745864,0.0,23.0,7.0
45,3182556,0.0,18.0,8.0
46,3182557,0.0,18.0,8.0
47,399800,0.0,17.0,7.0
48,399803,0.0,17.0,8.0
49,399800,4.0,20.0,7.0
50,1612280,3.0,24.0,6.0
51,399800,3.0,20.0,7.0
52,403266,3.0,21.0,7.0
53,2668945,0.0,26.0,8.0
54,399781,2.0,25.0,7.0
55,399774,1.0,19.0,7.0
56,399792,1.0,19.0,7.0
57,399800,3.0,20.0,7.0
58,3182568,6.0,30.0,7.0
59,403232,0.0,12.0,7.0
60,403269,2.0,12.0,7.0
61,403268,2.0,18.0,6.0
62,403268,2.0,13.0,6.0
63,403269,4.0,21.0,7.0
64,435877,1.0,6.0,7.0
65,1596039,6.0,30.0,6.0
66,396153,9.0,25.0,8.0
67,403268,0.0,12.0,6.0
68,3182556,0.0,18.0,8.0
69,399802,0.0,18.0,7.0
70,399779,0.0,15.0,8.0
71,2745864,2.0,19.0,6.0
72,399776,2.0,17.0,8.0
73,403236,1.0,18.0,6.0
74,1596035,1.0,24.0,6.0
75,399803,1.0,24.0,8.0
76,403268,0.0,18.0,7.0
77,403268,0.0,20.0,6.0
78,3182562,6.0,26.0,7.0
79,399792,3.0,20.0,7.0
80,399778,0.0,17.0,7.0
81,244814,2.0,19.0,6.0
82,403234,4.0,20.0,6.0
83,399802,2.0,23.0,6.0
84,403266,3.0,18.0,6.0
85,403269,1.0,24.0,7.0
86,403232,1.0,13.0,7.0
87,1596039,1.0,24.0,6.0
88,2669022,1.0,23.0,7.0
89,3182556,0.0,18.0,8.0
90,399776,0.0,18.0,7.0
91,399802,0.0,18.0,7.0
92,403266,4.0,19.0,6.0
93,1596000,3.0,21.0,6.0
94,399776,3.0,20.0,7.0
95,399800,3.0,20.0,6.0
96,244814,0.0,15.0,6.0
97,403232,18.0,45.0,6.0
98,2668945,3.0,20.0,6.0
99,399778,3.0,23.0,6.0
100,403232,1.0,24.0,7.0
101,403236,0.0,18.0,6.0
102,403234,2.0,21.0,6.0
103,2669024,2.0,19.0,7.0
104,2669022,2.0,15.0,8.0
105,399800,2.0,20.0,7.0
106,399776,2.0,20.0,7.0
107,403266,0.0,12.0,6.0
108,3182562,0.0,18.0,8.0
109,399778,0.0,18.0,7.0
110,403268,2.0,18.0,6.0
111,1595766,2.0,25.0,7.0
112,399776,2.0,17.0,8.0
113,399792,2.0,19.0,8.0
114,399776,3.0,20.0,6.0
115,403212,0.0,8.0,6.0
116,403268,0.0,20.0,6.0
117,2745864,2.0,22.0,7.0
118,399792,2.0,19.0,7.0
119,183070,4.0,21.0,6.0
120,399778,4.0,20.0,7.0
121,403266,3.0,18.0,6.0
122,399803,3.0,20.0,7.0
123,399776,3.0,20.0,6.0
124,399796,3.0,26.0,6.0
125,399803,0.0,18.0,7.0
126,1596035,0.0,22.0,6.0
127,3182562,0.0,18.0,8.0
128,208703,2.0,26.0,7.0
129,403232,1.0,11.0,8.0
130,403232,18.0,46.0,6.0
131,403268,0.0,18.0,6.0
132,209019,1.0,24.0,6.0
133,1150810,1.0,18.0,8.0
134,403232,8.0,26.0,7.0
135,2745864,0.0,14.0,8.0
136,1150789,2.0,22.0,8.0
137,403266,4.0,20.0,6.0
138,403269,1.0,12.0,7.0
139,403269,0.0,15.0,8.0
140,399803,3.0,20.0,7.0
141,403232,1.0,24.0,7.0
142,403232,1.0,13.0,7.0
143,399779,1.0,19.0,7.0
144,399802,1.0,21.0,7.0
145,403268,0.0,30.0,7.0
146,399774,3.0,20.0,6.0
147,403266,2.0,12.0,7.0
148,403236,3.0,18.0,6.0
149,403266,0.0,20.0,6.0
150,183024,0.0,15.0,7.0
151,399776,2.0,20.0,6.0
152,1150789,2.0,22.0,8.0
153,435526,1.0,11.0,6.0
154,3182562,4.0,25.0,8.0
155,3182557,4.0,24.0,8.0
156,403266,4.0,20.0,6.0
157,3182562,0.0,18.0,8.0
158,3182562,2.0,25.0,7.0
159,2745864,1.0,19.0,8.0
160,1596035,0.0,18.0,7.0
161,399803,0.0,18.0,7.0
162,3182562,2.0,25.0,7.0
163,399776,2.0,20.0,6.0
164,403232,0.0,16.0,7.0
165,3182562,0.0,18.0,8.0
166,403268,0.0,12.0,6.0
167,435686,2.0,22.0,7.0
168,399776,2.0,17.0,8.0
169,403266,3.0,21.0,7.0
170,403266,0.0,18.0,6.0
171,399803,1.0,23.0,8.0
172,396132,5.0,30.0,6.0
173,403266,0.0,35.0,6.0
174,399802,0.0,15.0,8.0
175,403268,0.0,35.0,7.0
176,2745864,1.0,14.0,6.0
177,399800,1.0,19.0,7.0
178,399796,1.0,24.0,7.0
179,403236,0.0,2.0,6.0
180,244618,0.0,25.0,6.0
181,3182562,0.0,18.0,8.0
182,403269,2.0,25.0,7.0
183,2669024,1.0,27.0,7.0
184,399778,1.0,22.0,8.0
185,399778,3.0,20.0,6.0
186,3182562,0.0,18.0,8.0
187,2669022,2.0,22.0,7.0
188,403232,2.0,12.0,7.0
189,403236,1.0,18.0,6.0
190,1596039,1.0,19.0,7.0
191,1150813,1.0,19.0,8.0
192,3182568,4.0,25.0,7.0
193,403266,2.0,25.0,6.0
194,399781,1.0,24.0,8.0
195,403268,1.0,18.0,6.0
196,399803,0.0,17.0,8.0
197,403266,0.0,12.0,8.0
198,403236,2.0,12.0,7.0
199,399803,1.0,23.0,8.0
200,403266,0.0,18.0,6.0
201,3182568,0.0,18.0,8.0
202,399803,0.0,18.0,7.0
203,399803,2.0,23.0,6.0
204,396157,5.0,31.0,6.0
205,399803,1.0,24.0,8.0
206,403269,8.0,26.0,7.0
207,399800,0.0,15.0,8.0
208,403236,2.0,21.0,6.0
209,2745864,2.0,32.0,7.0
210,3182562,0.0,20.0,8.0
211,399778,1.0,24.0,7.0
212,399778,0.0,17.0,7.0
213,403240,0.0,3.0,6.0
214,403266,0.0,18.0,6.0
215,399776,2.0,20.0,7.0
216,403232,4.0,21.0,7.0
217,2745864,1.0,27.0,7.0
218,399792,2.0,19.0,8.0
219,183054,0.0,17.0,6.0
220,403266,0.0,18.0,6.0
221,403232,2.0,25.0,7.0
222,399779,2.0,20.0,6.0
223,209019,2.0,25.0,7.0
224,399802,1.0,24.0,8.0
225,399778,3.0,23.0,6.0
226,399778,1.0,24.0,7.0
227,403234,3.0,23.0,7.0
228,399803,1.0,24.0,8.0
229,244688,0.0,18.0,6.0
230,399804,0.0,21.0,8.0
231,3182562,0.0,18.0,8.0
232,1150789,1.0,11.0,8.0
233,183054,0.0,19.0,7.0
234,396153,1.0,33.0,7.0
235,2668945,0.0,25.0,7.0
236,403266,0.0,20.0,6.0
237,3182557,2.0,25.0,7.0
238,403266,4.0,19.0,6.0
239,3182556,4.0,25.0,7.0
240,399776,3.0,20.0,6.0
241,1595801,3.0,26.0,7.0
242,403232,3.0,21.0,7.0
243,2669024,0.0,23.0,8.0
244,2669024,0.0,12.0,8.0
245,1150810,0.0,18.0,8.0
246,1150789,0.0,8.0,8.0
247,183054,2.0,18.0,7.0
248,2669024,2.0,20.0,7.0
249,399778,1.0,24.0,7.0
250,399792,0.0,17.0,7.0
251,403268,0.0,20.0,6.0
252,399800,2.0,17.0,8.0
253,403266,2.0,20.0,6.0
254,403268,4.0,20.0,6.0
255,396161,3.0,20.0,6.0
256,399802,2.0,25.0,7.0
257,403266,0.0,17.0,7.0
258,403269,1.0,24.0,7.0
259,399792,4.0,20.0,7.0
260,2745864,4.0,20.0,6.0
261,403266,0.0,35.0,6.0
262,435686,2.0,12.0,8.0
263,403232,2.0,25.0,7.0
264,2745864,1.0,26.0,7.0
265,399800,2.0,20.0,6.0
266,399796,6.0,26.0,6.0
267,399800,0.0,17.0,8.0
268,403266,2.0,20.0,6.0
269,399796,4.0,22.0,6.0
270,403266,0.0,35.0,6.0
271,1150810,0.0,14.0,8.0
272,399803,2.0,23.0,6.0
273,403266,2.0,13.0,6.0
274,3004698,0.0,17.0,7.0
275,399776,0.0,15.0,8.0
276,403266,2.0,25.0,6.0
277,396157,4.0,29.0,6.0
278,399778,0.0,21.0,8.0
279,403266,0.0,20.0,6.0
280,1596035,0.0,9.0,8.0
281,2745864,2.0,21.0,7.0
282,2668945,3.0,19.0,6.0
283,399787,3.0,18.0,7.0
284,3182568,2.0,25.0,7.0
285,403266,2.0,12.0,7.0
286,403266,4.0,19.0,6.0
287,399800,3.0,20.0,6.0
288,1150813,0.0,12.0,8.0
289,399809,0.0,28.0,7.0
290,403266,2.0,25.0,6.0
291,403232,1.0,13.0,7.0
292,2669022,1.0,18.0,8.0
293,399803,4.0,20.0,7.0
294,403266,0.0,18.0,6.0
295,3182556,0.0,18.0,8.0
296,399802,0.0,18.0,7.0
297,3182562,0.0,18.0,8.0
298,399803,2.0,25.0,7.0
299,403212,2.0,9.0,6.0
300,403266,2.0,13.0,6.0
301,2745864,1.0,35.0,7.0
302,2669022,1.0,26.0,7.0
303,403268,1.0,18.0,6.0
304,403268,1.0,20.0,6.0
305,396132,7.0,31.0,7.0
306,403234,0.0,21.0,7.0
307,399778,1.0,22.0,8.0
308,403232,0.0,15.0,8.0
309,2668945,1.0,31.0,7.0
310,403232,0.0,16.0,7.0
311,399804,0.0,17.0,7.0
312,403266,0.0,12.0,7.0
313,1150813,2.0,19.0,7.0
314,403266,2.0,25.0,6.0
315,2669022,2.0,19.0,8.0
316,403269,0.0,16.0,7.0
317,3182562,0.0,18.0,8.0
318,3182557,0.0,18.0,8.0
319,403266,0.0,35.0,6.0
320,403268,0.0,35.0,6.0
321,396132,2.0,18.0,7.0
322,396132,2.0,34.0,7.0
323,399778,2.0,17.0,8.0
324,396153,0.0,22.0,8.0
325,403232,0.0,12.0,7.0
326,2669022,0.0,12.0,8.0
327,403232,2.0,25.0,7.0
328,403266,0.0,18.0,7.0
329,3182556,5.0,26.0,7.0
330,3182562,4.0,25.0,7.0
331,3182568,0.0,18.0,8.0
332,2669024,1.0,29.0,7.0
333,403266,2.0,25.0,6.0
334,396157,0.0,17.0,7.0
335,3182562,0.0,18.0,8.0
336,3004698,0.0,14.0,8.0
337,403236,2.0,21.0,6.0
338,399803,2.0,20.0,7.0
339,403236,0.0,2.0,6.0
340,399777,0.0,17.0,7.0
341,403268,0.0,30.0,7.0
342,396157,2.0,18.0,7.0
343,399778,1.0,22.0,8.0
344,183054,0.0,24.0,6.0
345,183054,0.0,28.0,6.0
346,403236,0.0,18.0,6.0
347,403266,0.0,18.0,6.0
348,3182556,4.0,25.0,7.0
349,399804,3.0,20.0,6.0
350,1596039,6.0,30.0,6.0
351,2669024,1.0,16.0,8.0
352,2745864,1.0,23.0,7.0
353,399803,4.0,20.0,7.0
354,399803,0.0,18.0,7.0
355,403268,0.0,35.0,6.0
356,435686,0.0,19.0,8.0
357,3182557,0.0,18.0,8.0
358,3182568,0.0,18.0,8.0
359,3182557,0.0,20.0,8.0
360,1596035,0.0,14.0,7.0
361,399778,2.0,20.0,6.0
362,1150813,1.0,16.0,8.0
363,2669022,0.0,12.0,8.0
364,399776,4.0,20.0,7.0
365,403234,0.0,20.0,7.0
366,399774,0.0,15.0,8.0
367,403232,2.0,25.0,7.0
368,396132,1.0,31.0,6.0
369,403232,1.0,24.0,7.0
370,435526,1.0,11.0,6.0
371,403269,18.0,46.0,6.0
372,1150810,1.0,6.0,8.0
373,2669022,2.0,15.0,8.0
374,403232,1.0,13.0,7.0
375,183054,0.0,19.0,8.0
376,3182562,0.0,18.0,8.0
377,403240,2.0,6.0,6.0
378,403266,2.0,13.0,6.0
379,2669022,2.0,15.0,8.0
380,403232,2.0,12.0,7.0
381,2669024,0.0,12.0,8.0
382,403266,0.0,35.0,6.0
383,399779,2.0,17.0,8.0
384,399778,1.0,19.0,7.0
385,396157,5.0,31.0,7.0
386,403234,0.0,16.0,8.0
387,403212,0.0,6.0,6.0
388,183024,1.0,24.0,6.0
389,1612280,1.0,19.0,7.0
390,399776,0.0,18.0,7.0
391,183054,1.0,28.0,6.0
392,183054,0.0,29.0,8.0
393,403266,0.0,18.0,6.0
394,3182562,0.0,18.0,8.0
395,399803,0.0,15.0,8.0
396,399778,0.0,15.0,8.0
397,403232,8.0,26.0,7.0
398,403266,3.0,18.0,6.0
399,1596039,0.0,13.0,8.0
400,3182557,4.0,25.0,8.0
401,399787,1.0,22.0,8.0
402,396153,2.0,34.0,7.0
403,3182562,4.0,25.0,7.0
404,3182557,6.0,30.0,7.0
405,244688,0.0,22.0,6.0
406,2518531,0.0,21.0,8.0
407,403232,0.0,15.0,8.0
408,2669024,1.0,29.0,7.0
409,399800,1.0,21.0,7.0
410,399804,3.0,23.0,6.0
411,3182562,5.0,26.0,7.0
412,209019,0.0,18.0,7.0
413,183054,4.0,20.0,7.0
414,2668945,0.0,17.0,7.0
415,403266,4.0,19.0,6.0
416,399792,3.0,23.0,6.0
417,403268,0.0,18.0,6.0
418,1596035,2.0,28.0,6.0
419,403269,0.0,16.0,7.0
420,399779,0.0,17.0,7.0
421,403266,4.0,19.0,6.0
422,399802,4.0,20.0,7.0
423,399802,0.0,18.0,7.0
424,399803,2.0,20.0,6.0
425,399781,2.0,17.0,8.0
426,403232,1.0,24.0,7.0
427,396157,4.0,29.0,6.0
428,3182568,4.0,25.0,7.0
429,3182557,6.0,30.0,7.0
430,2669022,2.0,15.0,8.0
431,2669024,2.0,15.0,8.0
432,3182562,4.0,25.0,7.0
433,403266,4.0,21.0,7.0
434,399776,0.0,18.0,7.0
435,396132,2.0,28.0,7.0
436,399800,2.0,20.0,7.0
437,183024,4.0,26.0,6.0
438,403266,4.0,20.0,6.0
439,399803,3.0,20.0,7.0
440,396157,2.0,34.0,7.0
441,3182557,1.0,24.0,8.0
442,3182562,4.0,27.0,8.0
443,403269,8.0,26.0,7.0
444,3182557,5.0,26.0,7.0
445,403232,0.0,16.0,7.0
446,403232,1.0,12.0,7.0
447,403236,2.0,12.0,6.0
448,244689,0.0,22.0,6.0
449,403266,0.0,18.0,6.0
450,399778,4.0,20.0,7.0
451,399802,1.0,21.0,7.0
452,403266,4.0,21.0,7.0
453,435526,4.0,14.0,6.0
454,183054,0.0,20.0,7.0
455,399796,3.0,20.0,7.0
456,399800,1.0,21.0,7.0
457,396161,5.0,21.0,6.0
458,399803,2.0,23.0,6.0
459,403268,2.0,13.0,6.0
460,1596035,0.0,28.0,6.0
461,403266,4.0,20.0,6.0
462,403268,0.0,18.0,6.0
463,399776,2.0,20.0,7.0
464,396153,1.0,32.0,7.0
465,1150789,2.0,22.0,8.0
466,399777,2.0,20.0,6.0
467,2745864,0.0,28.0,7.0
468,399776,2.0,20.0,6.0
469,403266,2.0,12.0,7.0
470,399803,2.0,17.0,8.0
471,403236,1.0,4.0,6.0
472,396161,0.0,15.0,8.0
473,399803,0.0,15.0,8.0
474,2669022,2.0,19.0,8.0
475,403268,0.0,18.0,6.0
476,399776,0.0,17.0,7.0
477,1150789,2.0,18.0,8.0
478,399800,0.0,15.0,8.0
479,396157,2.0,30.0,7.0
480,399778,3.0,20.0,7.0
481,399776,1.0,19.0,7.0
482,399774,3.0,20.0,6.0
483,3182568,0.0,18.0,8.0
484,403232,1.0,24.0,7.0
485,403269,1.0,24.0,7.0
486,2669024,1.0,16.0,8.0
487,399796,1.0,21.0,6.0
488,403236,3.0,18.0,6.0
489,399776,3.0,20.0,7.0
490,435686,0.0,10.0,8.0
491,3182556,0.0,18.0,8.0
492,399778,0.0,21.0,8.0
493,399778,0.0,15.0,8.0
494,403232,2.0,25.0,7.0
495,2669024,0.0,20.0,8.0
496,2669024,2.0,21.0,7.0
497,1150813,2.0,20.0,8.0
498,399803,2.0,25.0,7.0
499,399802,1.0,21.0,7.0
500,399796,1.0,25.0,7.0
501,3182568,1.0,24.0,8.0
502,396132,9.0,30.0,7.0
503,3182562,4.0,25.0,7.0
504,403266,0.0,31.0,7.0
505,403240,1.0,6.0,6.0
506,183024,1.0,28.0,6.0
507,3182557,0.0,18.0,8.0
508,399803,2.0,17.0,8.0
509,399787,0.0,22.0,8.0
510,244688,2.0,14.0,6.0
511,403236,0.0,20.0,6.0
512,399803,2.0,20.0,6.0
513,183070,0.0,20.0,7.0
514,403269,0.0,15.0,8.0
515,403268,0.0,20.0,6.0
516,403269,1.0,24.0,7.0
517,399781,1.0,19.0,7.0
518,1612280,1.0,24.0,7.0
519,1596035,4.0,20.0,7.0
520,403266,4.0,20.0,6.0
521,396161,0.0,17.0,8.0
522,399776,0.0,15.0,8.0
523,403266,2.0,25.0,6.0
524,403268,2.0,25.0,6.0
525,399776,3.0,20.0,6.0
526,403266,0.0,17.0,7.0
527,403266,3.0,18.0,6.0
528,399776,1.0,19.0,7.0
529,3182556,4.0,24.0,8.0
530,399778,3.0,20.0,6.0
531,399778,0.0,21.0,8.0
532,403268,0.0,18.0,6.0
533,399802,0.0,17.0,8.0
534,403236,1.0,4.0,6.0
535,396157,3.0,29.0,6.0
536,403266,0.0,35.0,7.0
537,399804,0.0,15.0,8.0
538,399781,0.0,15.0,8.0
539,399776,4.0,20.0,7.0
540,399802,3.0,20.0,7.0
541,399776,3.0,20.0,6.0
542,2669022,0.0,14.0,8.0
543,2745864,1.0,29.0,7.0
544,399802,1.0,24.0,8.0
545,399776,1.0,19.0,7.0
546,399781,1.0,19.0,7.0
547,399779,2.0,17.0,8.0
548,403269,1.0,11.0,8.0
549,403232,1.0,24.0,7.0
550,399778,3.0,20.0,7.0
551,403236,0.0,18.0,6.0
552,399778,0.0,17.0,7.0
553,435686,0.0,12.0,8.0
554,1150810,0.0,16.0,8.0
555,1596037,2.0,26.0,7.0
556,183054,1.0,26.0,6.0
557,403269,1.0,13.0,7.0
558,3182562,4.0,25.0,7.0
559,403268,0.0,20.0,6.0
560,403266,2.0,13.0,6.0
561,1595801,2.0,16.0,7.0
562,2669024,0.0,20.0,8.0
563,2669022,0.0,12.0,8.0
564,2669024,2.0,19.0,7.0
565,403268,0.0,20.0,6.0
566,399803,2.0,20.0,6.0
567,399803,0.0,15.0,8.0
568,244623,2.0,16.0,6.0
569,435686,2.0,12.0,8.0
570,1595766,4.0,22.0,7.0
571,396153,6.0,25.0,8.0
572,183054,0.0,19.0,7.0
573,403232,0.0,12.0,7.0
574,399796,5.0,22.0,6.0
575,399778,2.0,20.0,6.0
576,435526,0.0,8.0,8.0
577,403266,0.0,12.0,8.0
578,403266,1.0,12.0,7.0
579,3182556,4.0,25.0,7.0
580,399802,3.0,20.0,7.0
581,399774,0.0,17.0,7.0
582,403236,0.0,12.0,7.0
583,399802,2.0,20.0,6.0
584,399778,1.0,19.0,7.0
585,399779,0.0,15.0,8.0
586,3182556,2.0,25.0,7.0
587,403268,0.0,12.0,6.0
588,399776,2.0,17.0,8.0
589,403269,0.0,12.0,7.0
590,403236,1.0,4.0,6.0
591,3182568,0.0,20.0,8.0
592,399778,4.0,20.0,7.0
593,399778,3.0,20.0,7.0
594,403232,18.0,45.0,6.0
595,403268,2.0,18.0,6.0
596,399779,2.0,17.0,8.0
597,399776,0.0,15.0,8.0
598,399778,1.0,19.0,7.0
599,403269,3.0,21.0,7.0
600,403240,0.0,6.0,6.0
601,2745864,0.0,20.0,8.0
602,244688,0.0,18.0,6.0
603,403266,0.0,18.0,7.0
604,399779,0.0,17.0,7.0
605,403236,0.0,12.0,7.0
606,399803,2.0,23.0,6.0
607,403266,2.0,12.0,7.0
608,396153,6.0,36.0,7.0
609,3182568,4.0,25.0,7.0
610,399792,4.0,24.0,7.0
611,396157,0.0,17.0,7.0
612,403236,0.0,12.0,8.0
613,2669024,2.0,20.0,7.0
614,399802,2.0,23.0,6.0
615,403266,2.0,25.0,6.0
616,399776,3.0,20.0,7.0
617,399774,0.0,17.0,7.0
618,1596035,0.0,23.0,7.0
619,403266,2.0,20.0,6.0
620,403232,1.0,24.0,7.0
621,403232,1.0,13.0,7.0
622,1596039,1.0,19.0,7.0
623,244815,0.0,17.0,6.0
624,396157,2.0,30.0,7.0
625,1150810,2.0,22.0,8.0
626,399803,4.0,20.0,7.0
627,399776,2.0,17.0,8.0
628,2668945,1.0,23.0,7.0
629,403240,2.0,12.0,6.0
630,403232,1.0,24.0,7.0
631,399800,1.0,19.0,7.0
632,403268,4.0,20.0,6.0
633,403268,0.0,18.0,6.0
634,396153,0.0,22.0,8.0
635,403268,0.0,35.0,6.0
636,2745864,2.0,20.0,7.0
637,396132,6.0,30.0,8.0
638,396132,0.0,24.0,7.0
639,403266,0.0,20.0,6.0
640,3182557,1.0,24.0,8.0
641,3182557,4.0,25.0,8.0
642,403236,0.0,18.0,6.0
643,1595766,2.0,26.0,7.0
644,403236,1.0,4.0,6.0
645,399802,1.0,21.0,7.0
646,403236,3.0,22.0,6.0
647,403266,0.0,17.0,7.0
648,403266,0.0,12.0,7.0
649,1596039,3.0,24.0,6.0
650,403268,0.0,18.0,6.0
651,399781,0.0,17.0,7.0
652,399803,0.0,17.0,8.0
653,3182568,6.0,30.0,7.0
654,183025,1.0,28.0,6.0
655,403236,0.0,18.0,6.0
656,1596037,0.0,18.0,7.0
657,403240,0.0,6.0,6.0
658,403266,0.0,31.0,7.0
659,399779,1.0,19.0,7.0
660,244814,4.0,25.0,6.0
661,403268,0.0,20.0,6.0
662,399779,0.0,15.0,8.0
663,399781,2.0,23.0,6.0
664,403232,1.0,24.0,7.0
665,1595766,1.0,19.0,7.0
666,1596035,4.0,19.0,7.0
667,399778,3.0,20.0,7.0
668,396157,7.0,31.0,7.0
669,403234,0.0,16.0,8.0
670,1596039,0.0,12.0,7.0
671,403268,0.0,18.0,6.0
672,403266,0.0,12.0,6.0
673,399781,2.0,17.0,8.0
674,2669024,1.0,18.0,8.0
675,403268,2.0,25.0,6.0
676,396153,1.0,24.0,8.0
677,183054,0.0,18.0,7.0
678,2669024,1.0,18.0,8.0
679,3182557,0.0,18.0,8.0
680,403268,0.0,20.0,6.0
681,399778,0.0,17.0,7.0
682,2668945,2.0,27.0,6.0
683,403268,2.0,25.0,6.0
684,208703,1.0,24.0,7.0
685,1595801,1.0,24.0,7.0
686,396132,0.0,17.0,7.0
687,399776,0.0,17.0,7.0
688,399779,2.0,20.0,6.0
689,2669024,1.0,16.0,8.0
690,396161,2.0,23.0,7.0
691,403266,2.0,25.0,6.0
692,399802,2.0,23.0,6.0
693,403266,0.0,35.0,6.0
694,403266,4.0,20.0,6.0
695,396157,2.0,30.0,7.0
696,399802,4.0,20.0,7.0
697,403236,3.0,21.0,7.0
698,399778,2.0,17.0,8.0
699,403212,0.0,3.0,6.0
700,2668945,3.0,19.0,6.0
701,403232,1.0,11.0,8.0
702,435686,1.0,10.0,8.0
703,396153,9.0,25.0,8.0
704,403232,4.0,21.0,7.0
705,403232,18.0,45.0,6.0
706,403268,1.0,20.0,6.0
707,2669022,0.0,14.0,8.0
708,399778,0.0,17.0,7.0
709,403266,0.0,12.0,7.0
710,399803,2.0,20.0,6.0
711,399776,2.0,20.0,6.0
712,1596000,0.0,18.0,6.0
713,2669024,2.0,15.0,8.0
714,403232,4.0,21.0,7.0
715,403266,4.0,20.0,6.0
716,403268,0.0,18.0,6.0
717,399778,0.0,17.0,7.0
718,399776,0.0,17.0,7.0
719,3182557,0.0,20.0,8.0
720,1150810,2.0,20.0,7.0
721,1595801,2.0,16.0,7.0
722,399803,2.0,17.0,8.0
723,1596000,3.0,21.0,6.0
724,399776,3.0,20.0,7.0
725,399803,0.0,18.0,7.0
726,3182568,0.0,20.0,8.0
727,2669024,2.0,20.0,7.0
728,399802,2.0,20.0,7.0
729,403236,3.0,21.0,7.0
730,396153,9.0,36.0,7.0
731,396132,0.0,34.0,8.0
732,399776,0.0,18.0,7.0
733,183024,1.0,28.0,6.0
734,3182568,4.0,25.0,8.0
735,1595766,3.0,20.0,7.0
736,2669022,2.0,22.0,7.0
737,435877,2.0,8.0,7.0
738,399800,2.0,17.0,8.0
739,244688,1.0,16.0,6.0
740,3182568,0.0,18.0,8.0
741,399777,0.0,17.0,7.0
742,403266,2.0,25.0,6.0
743,399776,1.0,19.0,7.0
744,3182568,1.0,24.0,8.0
745,403232,1.0,12.0,7.0
746,403268,4.0,20.0,6.0
747,403268,0.0,18.0,6.0
748,399803,0.0,18.0,7.0
749,403232,8.0,26.0,7.0
750,183054,3.0,19.0,7.0
751,403266,0.0,17.0,7.0
752,399781,2.0,23.0,6.0
753,399802,2.0,20.0,6.0
754,403266,2.0,25.0,6.0
755,1612280,4.0,19.0,7.0
756,399776,3.0,20.0,7.0
757,399803,0.0,15.0,8.0
758,399781,2.0,20.0,6.0
759,399803,3.0,20.0,7.0
760,403236,3.0,21.0,7.0
761,399776,0.0,18.0,7.0
762,399778,2.0,20.0,7.0
763,3182568,0.0,18.0,8.0
764,403217,1.0,24.0,7.0
765,2669022,2.0,19.0,6.0
766,183070,0.0,19.0,7.0
767,396132,0.0,22.0,7.0
768,403266,0.0,35.0,6.0
769,403266,2.0,21.0,6.0
770,399803,2.0,20.0,7.0
771,2669022,1.0,23.0,7.0
772,399779,0.0,17.0,7.0
773,3182568,0.0,20.0,8.0
774,3182562,0.0,20.0,8.0
775,403232,8.0,26.0,7.0
776,399774,3.0,23.0,6.0
777,3182568,6.0,30.0,7.0
778,399779,1.0,19.0,7.0
779,403266,4.0,19.0,6.0
780,399776,4.0,20.0,7.0
781,403232,3.0,21.0,7.0
782,1150810,2.0,21.0,7.0
783,2669022,1.0,26.0,7.0
784,3182568,0.0,18.0,8.0
785,403269,0.0,12.0,8.0
786,403232,1.0,13.0,7.0
787,403236,3.0,18.0,6.0
788,403217,1.0,13.0,7.0
789,403236,0.0,18.0,7.0
790,403212,1.0,6.0,6.0
791,403266,3.0,18.0,6.0
792,396132,6.0,29.0,7.0
793,403211,0.0,3.0,6.0
794,403268,0.0,18.0,6.0
795,3182568,0.0,20.0,8.0
796,403268,0.0,18.0,7.0
797,403268,0.0,12.0,6.0
798,399781,0.0,15.0,8.0
799,403234,2.0,21.0,7.0
800,396132,5.0,30.0,6.0
801,403240,0.0,11.0,6.0
802,399796,2.0,27.0,6.0
803,396132,0.0,17.0,7.0
804,399776,2.0,20.0,7.0
805,403240,0.0,6.0,6.0
806,399803,2.0,20.0,6.0
807,403269,18.0,45.0,6.0
808,403268,0.0,20.0,6.0
809,399778,2.0,20.0,6.0
810,403268,2.0,25.0,6.0
811,399778,4.0,20.0,7.0
812,403268,0.0,35.0,6.0
813,435686,1.0,12.0,8.0
814,2669024,0.0,20.0,8.0
815,399776,0.0,17.0,7.0
816,2669022,2.0,15.0,8.0
817,2518531,1.0,30.0,7.0
818,403236,0.0,22.0,6.0
819,2669024,0.0,12.0,8.0
820,396161,3.0,20.0,7.0
821,403266,2.0,21.0,6.0
822,399774,2.0,17.0,8.0
823,399803,1.0,24.0,8.0
824,1596039,1.0,24.0,6.0
825,399781,1.0,19.0,7.0
826,403266,0.0,18.0,6.0
827,403266,0.0,18.0,6.0
828,403232,2.0,25.0,7.0
829,399776,0.0,17.0,7.0
830,399803,0.0,17.0,8.0
831,403232,0.0,12.0,8.0
832,2668945,2.0,34.0,7.0
833,399778,1.0,19.0,7.0
834,403232,1.0,12.0,7.0
835,1150810,0.0,12.0,8.0
836,2669022,2.0,15.0,8.0
837,403266,0.0,18.0,6.0
838,403268,0.0,18.0,6.0
839,403232,1.0,13.0,8.0
840,396157,0.0,17.0,7.0
841,396157,2.0,30.0,7.0
842,2669024,0.0,20.0,8.0
843,403232,2.0,12.0,7.0
844,2669022,1.0,19.0,8.0
845,399776,1.0,19.0,7.0
846,3182557,6.0,25.0,8.0
847,396161,5.0,21.0,6.0
848,403236,0.0,20.0,6.0
849,403268,0.0,20.0,6.0
850,399776,1.0,19.0,7.0
851,399803,1.0,21.0,7.0
852,435877,0.0,16.0,8.0
853,399803,0.0,17.0,8.0
854,403266,2.0,21.0,6.0
855,399804,1.0,24.0,7.0
856,396157,3.0,29.0,6.0
857,399802,1.0,23.0,8.0
858,399777,0.0,17.0,7.0
859,399778,3.0,23.0,6.0
860,403266,3.0,18.0,6.0
861,183024,0.0,18.0,7.0
862,403266,0.0,12.0,8.0
863,399803,1.0,23.0,8.0
864,1596039,1.0,19.0,7.0
865,399776,1.0,19.0,7.0
866,403232,3.0,21.0,7.0
867,2669022,2.0,19.0,8.0
868,403268,2.0,25.0,6.0
869,2668945,0.0,26.0,7.0
870,403240,0.0,2.0,6.0
871,3182568,5.0,26.0,7.0
872,3182557,0.0,20.0,8.0
873,1150789,0.0,17.0,8.0
874,403236,0.0,12.0,7.0
875,399779,0.0,15.0,8.0
876,1596035,4.0,27.0,6.0
877,396157,3.0,29.0,6.0
878,3182568,4.0,25.0,8.0
879,3182557,0.0,18.0,8.0
880,2669022,1.0,18.0,8.0
881,403266,0.0,17.0,7.0
882,435526,0.0,2.0,7.0
883,399774,1.0,19.0,7.0
884,403266,0.0,20.0,6.0
885,403266,2.0,13.0,6.0
886,399779,2.0,20.0,6.0
887,209019,2.0,25.0,7.0
888,399803,2.0,25.0,7.0
889,2669024,1.0,27.0,7.0
890,403266,1.0,12.0,7.0
891,1596039,3.0,19.0,7.0
892,244814,0.0,16.0,7.0
893,3182557,0.0,18.0,8.0
894,1612280,0.0,16.0,8.0
895,399776,2.0,20.0,7.0
896,396133,5.0,26.0,8.0
897,403236,0.0,18.0,6.0
898,403268,0.0,35.0,6.0
899,399802,2.0,20.0,7.0
900,399802,0.0,17.0,8.0
901,399804,1.0,22.0,8.0
902,1596000,1.0,19.0,6.0
903,403268,0.0,35.0,6.0
904,403268,2.0,25.0,6.0
905,399778,1.0,19.0,7.0
906,403236,3.0,22.0,6.0
907,2669022,1.0,16.0,8.0
908,399802,4.0,20.0,7.0
909,403266,2.0,21.0,6.0
910,396161,6.0,24.0,6.0
911,403236,0.0,20.0,6.0
912,403266,0.0,31.0,7.0
913,399776,0.0,15.0,8.0
914,399781,2.0,25.0,7.0
915,2669024,2.0,19.0,7.0
916,244814,0.0,23.0,7.0
917,2668945,3.0,18.0,6.0
918,399776,3.0,20.0,7.0
919,396132,0.0,22.0,7.0
920,399776,2.0,20.0,6.0
921,403268,2.0,13.0,6.0
922,399802,1.0,21.0,7.0
923,396161,3.0,20.0,7.0
924,3182568,5.0,26.0,7.0
925,403266,0.0,17.0,7.0
926,403268,2.0,25.0,6.0
927,399802,1.0,23.0,8.0
928,399800,1.0,19.0,7.0
929,2669022,1.0,16.0,8.0
930,403232,0.0,16.0,7.0
931,2669022,0.0,12.0,8.0
932,399800,1.0,21.0,7.0
933,399778,0.0,18.0,7.0
934,403236,2.0,18.0,6.0
935,2669024,2.0,21.0,7.0
936,399803,2.0,17.0,8.0
937,403268,2.0,25.0,6.0
938,403236,2.0,12.0,7.0
939,396157,3.0,29.0,6.0
940,403236,0.0,12.0,7.0
941,399781,0.0,17.0,7.0
942,399802,2.0,17.0,8.0
943,403268,2.0,25.0,6.0
944,399803,2.0,20.0,7.0
945,399776,2.0,17.0,8.0
946,399776,1.0,19.0,7.0
947,399776,1.0,19.0,7.0
948,1596035,0.0,13.0,7.0
949,399778,1.0,19.0,7.0
950,403266,1.0,12.0,7.0
951,1595801,1.0,17.0,7.0
952,3182557,4.0,25.0,7.0
953,3182556,0.0,18.0,8.0
954,244815,0.0,17.0,6.0
955,396132,1.0,31.0,6.0
956,183024,4.0,26.0,6.0
957,1612280,0.0,15.0,8.0
958,396132,0.0,24.0,7.0
959,403268,1.0,18.0,6.0
960,399803,1.0,23.0,8.0
961,399778,0.0,17.0,7.0
962,399781,0.0,17.0,7.0
963,244815,2.0,18.0,6.0
964,2668945,0.0,18.0,8.0
965,403236,3.0,22.0,6.0
966,403268,0.0,18.0,6.0
967,1150789,1.0,15.0,8.0
968,403266,0.0,17.0,7.0
969,183025,0.0,15.0,7.0
970,403268,0.0,30.0,7.0
971,2669022,1.0,26.0,7.0
972,403236,0.0,22.0,6.0
973,396153,0.0,28.0,8.0
974,403268,0.0,20.0,6.0
975,396132,2.0,18.0,7.0
976,396161,1.0,25.0,6.0
977,399803,1.0,21.0,7.0
978,3182568,0.0,18.0,8.0
979,3182556,0.0,20.0,8.0
980,403268,0.0,35.0,6.0
981,1596009,0.0,23.0,8.0
982,399777,2.0,20.0,6.0
983,396153,5.0,31.0,7.0
984,1150810,1.0,19.0,8.0
985,3182568,6.0,25.0,8.0
986,399803,2.0,20.0,7.0
987,399778,1.0,19.0,7.0
988,403236,2.0,12.0,6.0
989,403268,0.0,18.0,6.0
990,403266,2.0,13.0,6.0
991,399776,2.0,20.0,6.0
992,403236,1.0,4.0,6.0
993,403268,0.0,20.0,6.0
994,1595801,0.0,22.0,7.0
995,399803,2.0,20.0,7.0
996,399803,1.0,21.0,7.0
997,399778,1.0,19.0,7.0
998,2669022,1.0,16.0,8.0
999,399803,2.0,17.0,8.0
1000,403268,0.0,18.0,6.0
1001,399777,2.0,20.0,6.0
1002,403211,2.0,9.0,6.0
1003,399802,2.0,20.0,6.0
1004,399800,3.0,20.0,7.0
1005,396161,0.0,17.0,8.0
1006,403211,0.0,5.0,6.0
1007,2669024,2.0,20.0,7.0
1008,396153,2.0,34.0,7.0
1009,2669022,2.0,19.0,6.0
1010,3182562,5.0,26.0,7.0
1011,244814,0.0,17.0,8.0
1012,244618,0.0,28.0,6.0
1013,403268,0.0,20.0,6.0
1014,403217,0.0,15.0,8.0
1015,399778,1.0,24.0,7.0
1016,399774,0.0,15.0,8.0
1017,183070,1.0,28.0,6.0
1018,2668945,0.0,25.0,7.0
1019,183070,0.0,16.0,8.0
1020,403268,0.0,20.0,6.0
1021,399803,2.0,23.0,6.0
1022,403268,2.0,25.0,6.0
1023,2669024,0.0,23.0,8.0
1024,1596009,0.0,19.0,8.0
1025,399803,2.0,23.0,6.0
1026,399803,2.0,23.0,6.0
1027,3182557,0.0,22.0,8.0
1028,2669024,0.0,12.0,8.0
1029,399803,4.0,20.0,7.0
1030,3182557,6.0,26.0,7.0
1031,399776,3.0,20.0,7.0
1032,403236,0.0,18.0,6.0
1033,399803,2.0,20.0,6.0
1034,244623,0.0,23.0,6.0
1035,183024,0.0,15.0,7.0
1036,403268,0.0,18.0,7.0
1037,403232,1.0,11.0,8.0
1038,403268,1.0,20.0,6.0
1039,2669024,2.0,15.0,8.0
1040,399802,2.0,20.0,7.0
1041,403236,2.0,18.0,6.0
1042,399803,2.0,25.0,7.0
1043,2668945,2.0,24.0,6.0
1044,403232,1.0,24.0,7.0
1045,403232,18.0,46.0,6.0
1046,435686,1.0,24.0,8.0
1047,1596037,0.0,10.0,7.0
1048,399776,0.0,15.0,8.0
1049,399803,1.0,23.0,8.0
1050,2669022,1.0,19.0,8.0
1051,1150789,1.0,15.0,8.0
1052,3182568,4.0,24.0,8.0
1053,403268,0.0,18.0,6.0
1054,3182556,0.0,18.0,8.0
1055,399803,1.0,23.0,8.0
1056,435686,6.0,30.0,7.0
1057,3182557,5.0,26.0,7.0
1058,183054,4.0,20.0,6.0
1059,399802,2.0,25.0,7.0
1060,399800,0.0,18.0,7.0
1061,403266,2.0,13.0,6.0
1062,1150810,2.0,22.0,8.0
1063,1596035,0.0,17.0,8.0
1064,403268,0.0,20.0,6.0
1065,403232,2.0,25.0,7.0
1066,403236,0.0,18.0,7.0
1067,403232,1.0,11.0,8.0
1068,399805,1.0,25.0,7.0
1069,1596039,0.0,15.0,8.0
1070,399802,2.0,17.0,8.0
1071,403236,0.0,20.0,6.0
1072,403268,0.0,20.0,6.0
1073,403268,0.0,20.0,6.0
1074,399779,2.0,20.0,6.0
1075,399776,2.0,17.0,8.0
1076,399776,1.0,19.0,7.0
1077,399800,2.0,20.0,6.0
1078,403236,0.0,18.0,7.0
1079,403269,2.0,25.0,7.0
1080,1595801,3.0,26.0,7.0
1081,3182568,6.0,26.0,7.0
1082,403268,0.0,20.0,6.0
1083,399800,0.0,17.0,8.0
1084,403266,0.0,35.0,7.0
1085,399777,2.0,17.0,8.0
1086,399802,4.0,20.0,7.0
1087,396157,0.0,17.0,7.0
1088,403266,0.0,35.0,6.0
1089,1150810,2.0,15.0,8.0
1090,399778,2.0,17.0,8.0
1091,1596000,0.0,12.0,6.0
1092,396132,5.0,31.0,7.0
1093,3182568,0.0,18.0,8.0
1094,399781,1.0,24.0,8.0
1095,3182568,4.0,25.0,7.0
1096,403232,2.0,12.0,7.0
1097,403266,2.0,25.0,6.0
1098,399800,3.0,20.0,7.0
1099,396132,7.0,31.0,7.0
1100,399776,4.0,20.0,7.0
1101,399802,2.0,20.0,6.0
1102,403232,0.0,12.0,8.0
1103,403236,0.0,20.0,6.0
1104,396161,1.0,25.0,6.0
1105,399776,0.0,15.0,8.0
1106,209019,2.0,25.0,7.0
1107,399778,0.0,17.0,7.0
1108,396153,1.0,33.0,7.0
1109,399802,1.0,23.0,8.0
1110,403269,1.0,13.0,7.0
1111,3182556,4.0,27.0,8.0
1112,3182556,6.0,25.0,8.0
1113,399781,1.0,23.0,8.0
1114,403232,0.0,15.0,8.0
1115,3182556,0.0,18.0,8.0
1116,399777,0.0,15.0,8.0
1117,1596039,1.0,19.0,7.0
1118,399776,2.0,20.0,7.0
1119,2669024,1.0,18.0,8.0
1120,403236,4.0,21.0,7.0
1121,403232,8.0,26.0,7.0
1122,1596035,0.0,18.0,7.0
1123,403268,0.0,30.0,7.0
1124,1612280,6.0,30.0,6.0
1125,1595801,0.0,22.0,7.0
1126,1612280,0.0,17.0,7.0
1127,1596039,0.0,13.0,8.0
1128,399778,2.0,17.0,8.0
1129,403236,0.0,18.0,7.0
1130,403266,0.0,12.0,8.0
1131,399803,2.0,25.0,7.0
1132,2669022,2.0,22.0,7.0
1133,403217,2.0,12.0,7.0
1134,2668945,0.0,25.0,8.0
1135,403232,0.0,16.0,7.0
1136,1596035,1.0,24.0,7.0
1137,399776,0.0,18.0,7.0
1138,399774,1.0,19.0,7.0
1139,399803,2.0,25.0,7.0
1140,403236,0.0,2.0,6.0
1141,403232,1.0,24.0,7.0
1142,396153,1.0,24.0,8.0
1143,399776,0.0,17.0,7.0
1144,403232,1.0,24.0,7.0
1145,403268,1.0,18.0,6.0
1146,403236,3.0,18.0,6.0
1147,435686,3.0,13.0,8.0
1148,403268,0.0,18.0,6.0
1149,399800,0.0,17.0,7.0
1150,403266,1.0,12.0,7.0
1151,396161,0.0,15.0,8.0
1152,1596039,0.0,15.0,8.0
1153,399787,0.0,18.0,7.0
1154,3182568,0.0,22.0,8.0
1155,1596039,6.0,30.0,7.0
1156,403266,0.0,12.0,6.0
1157,435686,0.0,12.0,8.0
1158,396157,2.0,30.0,7.0
1159,403266,2.0,13.0,6.0
1160,399778,2.0,20.0,6.0
1161,399774,1.0,19.0,7.0
1162,396157,4.0,29.0,6.0
1163,2669022,0.0,14.0,8.0
1164,183024,4.0,20.0,6.0
1165,399778,3.0,23.0,6.0
1166,399802,2.0,25.0,7.0
1167,403266,4.0,20.0,6.0
1168,396132,5.0,31.0,7.0
1169,399779,0.0,17.0,7.0
1170,2669022,1.0,18.0,8.0
1171,3182557,0.0,18.0,8.0
1172,403268,1.0,18.0,6.0
1173,435686,4.0,14.0,7.0
1174,1596039,0.0,15.0,7.0
1175,2669024,0.0,12.0,8.0
1176,399778,0.0,18.0,7.0
1177,403232,2.0,25.0,7.0
1178,3182568,0.0,18.0,8.0
1179,399787,0.0,22.0,8.0
1180,1596039,3.0,24.0,6.0
1181,3182556,0.0,18.0,8.0
1182,403268,0.0,20.0,6.0
1183,244815,2.0,18.0,6.0
1184,399800,2.0,20.0,7.0
1185,403268,0.0,18.0,6.0
1186,403266,3.0,21.0,7.0
1187,403266,0.0,12.0,7.0
1188,209019,0.0,18.0,7.0
1189,399800,4.0,20.0,7.0
1190,396132,0.0,19.0,8.0
1191,244689,2.0,16.0,7.0
1192,2669024,2.0,15.0,8.0
1193,403232,0.0,15.0,8.0
1194,1150813,0.0,17.0,8.0
1195,403266,2.0,20.0,6.0
1196,403268,0.0,20.0,6.0
1197,403268,0.0,35.0,6.0
1198,403236,0.0,18.0,6.0
1199,403266,4.0,20.0,6.0
1200,403236,0.0,18.0,7.0
1201,399774,3.0,20.0,6.0
1202,3182557,2.0,25.0,7.0
1203,183024,1.0,24.0,6.0
1204,403232,1.0,13.0,8.0
1205,2669024,2.0,21.0,7.0
1206,244618,0.0,14.0,7.0
1207,3182557,0.0,18.0,8.0
1208,396153,0.0,28.0,8.0
1209,403266,0.0,18.0,6.0
1210,399776,0.0,17.0,7.0
1211,403232,1.0,24.0,7.0
1212,3182568,2.0,25.0,7.0
1213,403236,1.0,12.0,7.0
1214,399776,1.0,19.0,7.0
1215,403217,1.0,12.0,7.0
1216,1596037,2.0,26.0,7.0
1217,399781,2.0,25.0,7.0
1218,2669024,1.0,29.0,7.0
1219,396161,0.0,17.0,8.0
1220,399776,0.0,17.0,7.0
1221,209019,1.0,24.0,6.0
1222,183070,0.0,23.0,8.0
1223,396153,2.0,34.0,7.0
1224,399802,2.0,25.0,7.0
1225,399802,0.0,17.0,8.0
1226,396132,2.0,34.0,7.0
1227,403266,4.0,21.0,7.0
1228,399802,0.0,17.0,8.0
1229,1150789,2.0,19.0,8.0
1230,183070,4.0,20.0,7.0
1231,403266,0.0,35.0,7.0
1232,2669024,1.0,16.0,8.0
1233,403212,2.0,6.0,6.0
1234,403266,2.0,21.0,6.0
1235,3182557,0.0,20.0,8.0
1236,399778,0.0,15.0,8.0
1237,399779,2.0,17.0,8.0
1238,403266,3.0,21.0,7.0
1239,403236,0.0,22.0,6.0
1240,244618,0.0,15.0,6.0
1241,3182556,2.0,25.0,7.0
1242,403232,1.0,24.0,7.0
1243,2669024,1.0,27.0,7.0
1244,396157,0.0,17.0,7.0
1245,2669024,0.0,12.0,8.0
1246,183054,0.0,19.0,7.0
1247,403266,0.0,12.0,8.0
1248,2669024,0.0,12.0,8.0
1249,399776,0.0,17.0,7.0
1250,403266,2.0,20.0,6.0
1251,1596037,1.0,24.0,6.0
1252,399778,3.0,20.0,6.0
1253,403268,0.0,20.0,6.0
1254,399779,0.0,15.0,8.0
1255,403236,4.0,21.0,7.0
1256,244688,2.0,16.0,7.0
1257,399778,2.0,20.0,7.0
1258,1596035,2.0,25.0,7.0
1259,2668945,1.0,28.0,7.0
1260,396161,3.0,24.0,6.0
1261,403236,0.0,18.0,6.0
1262,396153,2.0,34.0,7.0
1263,403232,1.0,13.0,8.0
1264,403236,0.0,12.0,8.0
1265,399777,1.0,19.0,7.0
1266,2668945,0.0,19.0,7.0
1267,399802,0.0,15.0,8.0
1268,396161,0.0,17.0,8.0
1269,3004698,0.0,7.0,8.0
1270,399809,0.0,22.0,8.0
1271,399776,2.0,20.0,6.0
1272,399779,2.0,20.0,6.0
1273,1150801,0.0,17.0,8.0
1274,399776,2.0,20.0,7.0
1275,435526,4.0,14.0,6.0
1276,396153,6.0,36.0,7.0
1277,2669024,1.0,18.0,8.0
1278,1150789,1.0,19.0,8.0
1279,399776,0.0,17.0,7.0
1280,244618,2.0,11.0,6.0
1281,399776,0.0,17.0,7.0
1282,1150801,0.0,2.0,8.0
1283,403266,0.0,20.0,6.0
1284,403266,0.0,31.0,7.0
1285,399781,2.0,20.0,6.0
1286,403269,1.0,13.0,8.0
1287,403217,1.0,24.0,7.0
1288,1596009,1.0,26.0,6.0
1289,396133,3.0,25.0,8.0
1290,403268,0.0,20.0,6.0
1291,3182568,5.0,26.0,7.0
1292,3182556,2.0,25.0,7.0
1293,403268,0.0,20.0,6.0
1294,399803,2.0,25.0,7.0
1295,399802,3.0,20.0,7.0
1296,403232,0.0,12.0,7.0
1297,396153,1.0,32.0,7.0
1298,3004698,0.0,21.0,8.0
1299,1150789,0.0,8.0,8.0
1300,3182568,0.0,18.0,8.0
1301,399776,0.0,17.0,7.0
1302,1150789,2.0,22.0,8.0
1303,399777,0.0,15.0,8.0
1304,403236,2.0,12.0,7.0
1305,399778,3.0,23.0,6.0
1306,1150801,1.0,19.0,8.0
1307,399805,1.0,21.0,6.0
1308,2668945,2.0,12.0,6.0
1309,399802,0.0,15.0,8.0
1310,403268,0.0,18.0,6.0
1311,403268,0.0,35.0,6.0
1312,399776,4.0,20.0,7.0
1313,403266,0.0,31.0,7.0
1314,1150813,2.0,17.0,8.0
1315,183070,1.0,28.0,6.0
1316,403232,0.0,12.0,7.0
1317,1596009,2.0,22.0,6.0
1318,403232,0.0,16.0,7.0
1319,399779,2.0,20.0,6.0
1320,244689,0.0,18.0,6.0
1321,399781,2.0,23.0,6.0
1322,399804,1.0,19.0,7.0
1323,3182556,4.0,25.0,7.0
1324,403268,0.0,18.0,6.0
1325,399777,2.0,17.0,8.0
1326,396161,1.0,24.0,6.0
1327,399802,0.0,17.0,8.0
1328,399802,2.0,17.0,8.0
1329,399778,3.0,20.0,7.0
1330,399778,0.0,21.0,8.0
1331,244688,0.0,18.0,6.0
1332,396153,6.0,25.0,8.0
1333,403266,0.0,18.0,6.0
1334,3182568,0.0,20.0,8.0
1335,403236,2.0,12.0,6.0
1336,396153,5.0,31.0,7.0
1337,399803,0.0,15.0,8.0
1338,399803,4.0,20.0,7.0
1339,399774,2.0,17.0,8.0
1340,3182568,0.0,18.0,8.0
1341,399776,0.0,15.0,8.0
1342,403266,4.0,19.0,6.0
1343,403268,1.0,20.0,6.0
1344,399803,1.0,21.0,7.0
1345,396132,0.0,16.0,8.0
1346,396133,0.0,15.0,8.0
1347,396133,0.0,20.0,8.0
1348,396132,6.0,29.0,7.0
1349,403236,0.0,12.0,8.0
1350,403236,2.0,12.0,7.0
1351,403266,2.0,12.0,7.0
1352,403234,0.0,16.0,8.0
1353,403236,2.0,18.0,6.0
1354,403266,0.0,12.0,6.0
1355,403268,0.0,20.0,6.0
1356,435526,0.0,2.0,7.0
1357,2669022,2.0,19.0,6.0
1358,403232,0.0,15.0,8.0
1359,399800,3.0,20.0,6.0
1360,403236,3.0,21.0,7.0
1361,396157,0.0,17.0,7.0
1362,399802,0.0,15.0,8.0
1363,3182557,4.0,25.0,7.0
1364,399778,0.0,15.0,8.0
1365,403234,6.0,26.0,7.0
1366,396133,0.0,22.0,7.0
1367,403236,0.0,12.0,8.0
1368,399802,2.0,17.0,8.0
1369,403212,0.0,2.0,6.0
1370,399778,0.0,15.0,8.0
1371,403268,1.0,20.0,6.0
1372,3182568,4.0,25.0,7.0
1373,399809,0.0,22.0,8.0
1374,1596039,0.0,15.0,7.0
1375,403268,0.0,35.0,7.0
1376,403268,4.0,20.0,6.0
1377,403266,0.0,35.0,6.0
1378,183070,2.0,26.0,6.0
1379,3182568,6.0,26.0,7.0
1380,403236,3.0,18.0,6.0
1381,1150789,0.0,18.0,8.0
1382,399779,0.0,17.0,7.0
1383,399803,0.0,17.0,8.0
1384,403266,0.0,20.0,6.0
1385,1596039,0.0,7.0,7.0
1386,403234,1.0,22.0,7.0
1387,399802,2.0,20.0,6.0
1388,1596039,6.0,30.0,7.0
1389,208703,2.0,25.0,7.0
1390,399777,2.0,20.0,6.0
1391,403236,0.0,12.0,8.0
1392,435686,4.0,20.0,7.0
1393,2668945,0.0,28.0,8.0
1394,399778,4.0,20.0,7.0
1395,396161,7.0,28.0,6.0
1396,2669024,2.0,21.0,7.0
1397,399803,3.0,20.0,7.0
1398,396161,0.0,17.0,8.0
1399,399802,2.0,20.0,7.0
1400,399802,4.0,20.0,7.0
1401,403266,0.0,35.0,7.0
1402,399802,2.0,23.0,6.0
1403,183025,3.0,20.0,6.0
1404,399774,3.0,20.0,6.0
1405,399774,3.0,23.0,6.0
1406,1595766,1.0,21.0,7.0
1407,1150801,0.0,15.0,8.0
1408,1595766,0.0,22.0,7.0
1409,399776,3.0,20.0,6.0
1410,399778,1.0,22.0,8.0
1411,399802,2.0,17.0,8.0
1412,399802,2.0,25.0,7.0
1413,244618,0.0,16.0,6.0
1414,396133,9.0,30.0,7.0
1415,403236,4.0,21.0,7.0
1416,396161,5.0,28.0,7.0
1417,435686,0.0,10.0,8.0
1418,396132,2.0,28.0,7.0
1419,435686,5.0,14.0,7.0
1420,403232,1.0,13.0,8.0
1421,399802,1.0,24.0,8.0
1422,403232,0.0,15.0,8.0
1423,399777,0.0,15.0,8.0
1424,399803,1.0,21.0,7.0
1425,244688,1.0,12.0,6.0
1426,399800,0.0,15.0,8.0
1427,403234,3.0,20.0,6.0
1428,2518531,3.0,33.0,7.0
1429,1150789,0.0,18.0,8.0
1430,2669024,2.0,15.0,8.0
1431,403240,2.0,13.0,6.0
1432,399778,0.0,21.0,8.0
1433,399776,0.0,15.0,8.0
1434,399777,2.0,17.0,8.0
1435,403266,4.0,21.0,7.0
1436,399776,1.0,19.0,7.0
1437,3182556,5.0,26.0,7.0
1438,403232,18.0,45.0,6.0
1439,396153,7.0,31.0,7.0
1440,403232,4.0,21.0,7.0
1441,396157,5.0,31.0,6.0
1442,399800,2.0,20.0,6.0
1443,396157,3.0,29.0,6.0
1444,3182556,6.0,26.0,7.0
1445,399802,0.0,15.0,8.0
1446,2669024,1.0,27.0,7.0
1447,399802,4.0,20.0,7.0
1448,396157,7.0,31.0,7.0
1449,1150810,1.0,19.0,8.0
1450,403266,0.0,12.0,7.0
1451,403232,0.0,15.0,8.0
1452,403236,0.0,22.0,6.0
1453,403236,1.0,12.0,7.0
1454,399778,0.0,17.0,7.0
1455,2668945,2.0,25.0,6.0
1456,399803,3.0,20.0,7.0
1457,435686,2.0,18.0,8.0
1458,399800,1.0,21.0,7.0
1459,403236,2.0,12.0,6.0
1460,3182568,4.0,25.0,7.0
1461,403234,4.0,25.0,7.0
1462,403236,3.0,18.0,6.0
1463,403268,0.0,18.0,6.0
1464,403266,2.0,25.0,6.0
1465,403266,2.0,25.0,6.0
1466,2669024,0.0,12.0,8.0
1467,399802,0.0,18.0,7.0
1468,403232,1.0,24.0,7.0
1469,399803,2.0,17.0,8.0
1470,403266,2.0,13.0,6.0
1471,396161,1.0,24.0,6.0
1472,399803,4.0,20.0,7.0
1473,3182557,6.0,30.0,7.0
1474,399774,0.0,17.0,7.0
1475,399781,1.0,24.0,8.0
1476,403236,1.0,18.0,6.0
1477,3182568,6.0,25.0,8.0
1478,1150810,0.0,12.0,8.0
1479,244689,1.0,12.0,6.0
1480,3182568,4.0,24.0,8.0
1481,399778,0.0,18.0,7.0
1482,403268,0.0,18.0,6.0
1483,403266,0.0,35.0,6.0
1484,403266,4.0,21.0,7.0
1485,1150801,3.0,19.0,8.0
1486,403232,0.0,16.0,7.0
1487,244814,0.0,22.0,6.0
1488,399802,1.0,21.0,7.0
1489,1596039,3.0,19.0,7.0
1490,403236,0.0,12.0,7.0
1491,3182557,4.0,25.0,7.0
1492,399778,3.0,20.0,6.0
1493,403232,18.0,46.0,6.0
1494,399779,1.0,19.0,7.0
1495,399800,0.0,15.0,8.0
1496,403232,2.0,25.0,7.0
1497,1596037,4.0,19.0,7.0
1498,403268,0.0,20.0,6.0
1499,396161,0.0,17.0,8.0
1500,244623,0.0,23.0,6.0
1501,399802,2.0,17.0,8.0
1502,399803,1.0,24.0,8.0
1503,399779,1.0,19.0,7.0
1504,403232,0.0,12.0,8.0
1505,399805,4.0,22.0,6.0
1506,403232,1.0,11.0,8.0
1507,396133,5.0,28.0,7.0
1508,1596000,0.0,12.0,6.0
1509,1150789,2.0,19.0,8.0
1510,403232,1.0,12.0,7.0
1511,396133,7.0,28.0,6.0
1512,399776,3.0,20.0,6.0
1513,403268,0.0,20.0,6.0
1514,403268,0.0,18.0,6.0
1515,2668945,1.0,28.0,7.0
1516,2669024,1.0,29.0,7.0
1517,399803,1.0,21.0,7.0
1518,403268,0.0,20.0,6.0
1519,1150789,2.0,19.0,8.0
1520,403268,2.0,25.0,6.0
1521,183024,4.0,20.0,6.0
1522,399802,2.0,20.0,6.0
1523,396161,2.0,23.0,7.0
1524,403266,0.0,18.0,7.0
1525,399800,0.0,17.0,7.0
1526,403266,2.0,13.0,6.0
1527,399778,3.0,20.0,6.0
1528,3182556,0.0,22.0,8.0
1529,403234,5.0,26.0,7.0
1530,435686,0.0,12.0,8.0
1531,396161,3.0,20.0,6.0
1532,403236,3.0,18.0,6.0
1533,244814,2.0,18.0,6.0
1534,399777,1.0,19.0,7.0
1535,399802,0.0,17.0,8.0
1536,1150810,1.0,29.0,7.0
1537,403236,3.0,22.0,6.0
1538,244814,1.0,26.0,6.0
1539,396161,1.0,24.0,6.0
1540,399778,2.0,17.0,8.0
1541,403236,1.0,12.0,7.0
1542,2669022,0.0,12.0,8.0
1543,3182556,0.0,20.0,8.0
1544,396157,0.0,17.0,7.0
1545,399802,1.0,23.0,8.0
1546,3182568,5.0,26.0,7.0
1547,399800,2.0,17.0,8.0
1548,403266,3.0,21.0,7.0
1549,396157,5.0,31.0,6.0
1550,403232,2.0,25.0,7.0
1551,403211,2.0,6.0,6.0
1552,396161,1.0,24.0,6.0
1553,396153,7.0,31.0,7.0
1554,2669022,0.0,12.0,8.0
1555,183070,1.0,29.0,6.0
1556,399802,1.0,23.0,8.0
1557,403232,18.0,46.0,6.0
1558,403266,0.0,18.0,6.0
1559,244618,0.0,12.0,7.0
1560,403268,0.0,18.0,6.0
1561,399778,1.0,19.0,7.0
1562,403232,1.0,12.0,7.0
1563,403232,4.0,21.0,7.0
1564,244623,0.0,15.0,8.0
1565,403211,0.0,6.0,6.0
1566,403268,4.0,20.0,6.0
1567,399776,0.0,18.0,7.0
1568,403232,1.0,24.0,7.0
1569,403268,0.0,30.0,7.0
1570,403236,2.0,21.0,6.0
1571,399800,4.0,20.0,7.0
1572,3182568,2.0,25.0,7.0
1573,399802,2.0,25.0,7.0
1574,403266,2.0,25.0,6.0
1575,1150813,0.0,18.0,8.0
1576,403268,0.0,18.0,7.0
1577,403211,1.0,6.0,6.0
1578,403268,2.0,25.0,6.0
1579,244814,0.0,28.0,6.0
1580,403232,0.0,16.0,7.0
1581,435686,4.0,24.0,8.0
1582,399776,1.0,19.0,7.0
1583,1595766,2.0,17.0,7.0
1584,399776,1.0,19.0,7.0
1585,399776,4.0,20.0,7.0
1586,403268,2.0,25.0,6.0
1587,403212,2.0,9.0,6.0
1588,399778,1.0,24.0,7.0
1589,1150801,0.0,6.0,8.0
1590,1150789,1.0,19.0,8.0
1591,399802,3.0,20.0,7.0
1592,1596037,6.0,28.0,7.0
1593,399779,1.0,19.0,7.0
1594,403217,0.0,12.0,7.0
1595,2668945,0.0,24.0,8.0
1596,3182557,0.0,18.0,8.0
1597,1595801,1.0,17.0,7.0
1598,403232,8.0,26.0,7.0
1599,208703,0.0,22.0,7.0
1600,399803,3.0,20.0,7.0
1601,399776,0.0,17.0,7.0
1602,399802,1.0,23.0,8.0
1603,399779,1.0,19.0,7.0
1604,403236,4.0,21.0,7.0
1605,403240,0.0,11.0,6.0
1606,399774,0.0,17.0,7.0
1607,403268,2.0,13.0,6.0
1608,399802,2.0,20.0,7.0
1609,244689,0.0,18.0,6.0
1610,396161,6.0,24.0,6.0
1611,403236,0.0,18.0,6.0
1612,403240,2.0,6.0,6.0
1613,396133,2.0,23.0,7.0
1614,403217,8.0,26.0,7.0
1615,399778,0.0,18.0,7.0
1616,2668945,1.0,30.0,8.0
1617,399802,2.0,23.0,6.0
1618,3182568,0.0,18.0,8.0
1619,399802,1.0,21.0,7.0
1620,399802,2.0,23.0,6.0
1621,2669024,0.0,23.0,8.0
1622,399803,2.0,20.0,7.0
1623,399776,4.0,20.0,7.0
1624,399776,0.0,17.0,7.0
1625,399800,2.0,20.0,6.0
1626,403268,0.0,35.0,7.0
1627,399809,2.0,28.0,6.0
1628,399778,0.0,17.0,7.0
1629,2669024,2.0,15.0,8.0
1630,399802,1.0,24.0,8.0
1631,403268,2.0,18.0,6.0
1632,3182557,4.0,24.0,8.0
1633,399802,0.0,18.0,7.0
1634,399779,0.0,15.0,8.0
1635,2669024,2.0,21.0,7.0
1636,403232,0.0,15.0,8.0
1637,403236,0.0,20.0,6.0
1638,403240,2.0,13.0,6.0
1639,403268,0.0,35.0,7.0
1640,1150789,1.0,19.0,8.0
1641,2668945,3.0,26.0,6.0
1642,1150789,2.0,18.0,8.0
1643,403268,0.0,18.0,7.0
1644,399778,2.0,20.0,6.0
1645,403268,2.0,25.0,6.0
1646,403217,3.0,21.0,7.0
1647,403236,3.0,22.0,6.0
1648,1150789,1.0,11.0,8.0
1649,1150801,2.0,17.0,8.0
1650,399781,2.0,20.0,6.0
1651,403268,2.0,25.0,6.0
1652,399776,2.0,20.0,7.0
1653,2669022,1.0,19.0,8.0
1654,403232,3.0,21.0,7.0
1655,396157,2.0,18.0,7.0
1656,399787,2.0,28.0,6.0
1657,3182568,0.0,22.0,8.0
1658,399803,0.0,15.0,8.0
1659,399802,2.0,25.0,7.0
1660,396157,7.0,31.0,7.0
1661,403236,0.0,22.0,6.0
1662,399803,0.0,18.0,7.0
1663,403268,1.0,18.0,6.0
1664,403217,0.0,16.0,7.0
1665,396161,7.0,28.0,6.0
1666,403268,0.0,30.0,7.0
1667,399800,0.0,17.0,8.0
1668,399779,2.0,17.0,8.0
1669,403236,2.0,21.0,6.0
1670,399779,0.0,17.0,7.0
1671,399787,1.0,28.0,7.0
1672,399800,1.0,19.0,7.0
1673,403266,0.0,17.0,7.0
1674,1150801,1.0,8.0,8.0
1675,244814,1.0,17.0,6.0
1676,403212,0.0,5.0,6.0
1677,399803,0.0,17.0,8.0
1678,1595801,1.0,24.0,7.0
1679,399809,1.0,22.0,8.0
1680,403268,2.0,25.0,6.0
1681,403266,0.0,18.0,7.0
1682,403236,0.0,18.0,6.0
1683,1150810,0.0,21.0,8.0
1684,396157,0.0,17.0,7.0
1685,399776,0.0,17.0,7.0
1686,403234,5.0,20.0,6.0
1687,403268,0.0,18.0,7.0
1688,396132,9.0,30.0,7.0
1689,403268,0.0,18.0,6.0
1690,3182568,2.0,25.0,7.0
1691,399800,0.0,17.0,8.0
1692,1150789,1.0,19.0,8.0
1693,183024,0.0,18.0,7.0
1694,399776,0.0,17.0,7.0
1695,399778,2.0,20.0,7.0
1696,2669024,2.0,15.0,8.0
1697,403240,1.0,6.0,6.0
1698,403232,1.0,13.0,7.0
1699,403266,4.0,20.0,6.0
1700,396157,2.0,34.0,7.0
1701,399802,3.0,20.0,7.0
1702,1150789,0.0,17.0,8.0
1703,403232,0.0,15.0,8.0
1704,183070,0.0,24.0,6.0
1705,396157,0.0,17.0,7.0
1706,403268,0.0,20.0,6.0
1707,1150789,2.0,19.0,8.0
1708,1596000,0.0,18.0,6.0
1709,403232,1.0,13.0,7.0
1710,399776,2.0,17.0,8.0
1711,435686,6.0,30.0,7.0
1712,403266,0.0,20.0,6.0
1713,209019,2.0,25.0,7.0
1714,403236,0.0,20.0,6.0
1715,403268,0.0,18.0,6.0
1716,1596035,0.0,20.0,8.0
1717,403217,4.0,21.0,7.0
1718,403236,3.0,18.0,6.0
1719,396133,2.0,28.0,7.0
1720,403232,1.0,13.0,7.0
1721,403266,0.0,17.0,7.0
1722,3182568,0.0,18.0,8.0
1723,403240,0.0,3.0,6.0
1724,403236,3.0,18.0,6.0
1725,1596039,0.0,12.0,7.0
1726,1595766,1.0,24.0,7.0
1727,399802,0.0,17.0,8.0
1728,244814,1.0,24.0,6.0
1729,3182557,6.0,25.0,8.0
1730,403236,0.0,2.0,6.0
1731,399779,0.0,17.0,7.0
1732,396161,5.0,28.0,7.0
1733,399776,2.0,20.0,6.0
1734,403232,1.0,24.0,7.0
1735,399802,2.0,20.0,7.0
1736,399803,4.0,20.0,7.0
1737,244689,0.0,18.0,6.0
1738,403236,0.0,20.0,6.0
1739,403232,2.0,12.0,7.0
1740,1596039,0.0,7.0,7.0
1741,1596035,6.0,26.0,6.0
1742,399778,2.0,20.0,7.0
1743,403268,0.0,35.0,7.0
1744,399803,2.0,20.0,6.0
1745,396132,0.0,16.0,8.0
1746,399800,0.0,18.0,7.0
1747,403268,0.0,18.0,6.0
1748,399776,1.0,19.0,7.0
1749,396153,9.0,36.0,7.0
1750,435526,0.0,8.0,8.0
1751,1150789,2.0,22.0,8.0
1752,396132,6.0,30.0,8.0
1753,399781,0.0,15.0,8.0
1754,3004698,6.0,27.0,7.0
1755,1150789,2.0,22.0,8.0
1756,396132,0.0,34.0,8.0
1757,399802,1.0,24.0,8.0
1758,396133,0.0,15.0,8.0
1759,1150813,3.0,18.0,8.0
1760,403211,0.0,2.0,6.0
1761,403232,8.0,26.0,7.0
1762,403232,18.0,45.0,6.0
1763,403266,1.0,12.0,7.0
1764,399805,6.0,26.0,6.0
1765,399802,1.0,24.0,8.0
1766,244623,2.0,16.0,6.0
1767,399802,0.0,15.0,8.0
1768,403266,0.0,20.0,6.0
1769,403268,0.0,18.0,6.0
1770,399779,2.0,20.0,6.0
1771,403268,0.0,12.0,6.0
1772,403236,2.0,18.0,6.0
1773,403268,4.0,20.0,6.0
1774,403236,1.0,18.0,6.0
1775,399781,1.0,23.0,8.0
1776,403232,8.0,26.0,7.0
1777,396133,9.0,28.0,7.0
1778,403236,2.0,18.0,6.0
1779,396157,5.0,31.0,7.0
1780,399777,1.0,19.0,7.0
1781,403268,2.0,13.0,6.0
1782,399805,1.0,24.0,7.0
1783,399778,1.0,22.0,8.0
1784,2669024,2.0,21.0,7.0
1785,399800,4.0,20.0,7.0
1786,1595766,1.0,17.0,7.0
1787,399802,0.0,15.0,8.0
1788,399777,0.0,15.0,8.0
1789,3182557,6.0,30.0,7.0
1790,3182568,0.0,20.0,8.0
1791,399787,1.0,28.0,7.0
1792,183070,4.0,20.0,6.0
1793,399778,1.0,19.0,7.0
1794,403268,2.0,18.0,6.0
1795,403268,2.0,13.0,6.0
1796,399800,3.0,20.0,6.0
1797,399776,3.0,20.0,6.0
1798,403211,0.0,8.0,6.0
1799,2669024,2.0,15.0,8.0
1800,244814,1.0,24.0,7.0
1801,403236,0.0,18.0,6.0
1802,403236,2.0,12.0,7.0
1803,403266,3.0,18.0,6.0
1804,399803,2.0,20.0,7.0
1805,399803,1.0,23.0,8.0
1806,399805,5.0,22.0,6.0
1807,399777,2.0,17.0,8.0
1808,1595766,0.0,18.0,7.0
1809,3004698,1.0,25.0,7.0
1810,396133,4.0,25.0,6.0
1811,396133,6.0,28.0,7.0
1812,2669024,0.0,23.0,8.0
1813,403236,4.0,21.0,7.0
1814,3182568,6.0,30.0,7.0
1815,399802,2.0,20.0,7.0
1816,396133,0.0,15.0,8.0
1817,396157,5.0,31.0,7.0
1818,403236,1.0,18.0,6.0
1819,403217,2.0,25.0,7.0
1820,399777,1.0,19.0,7.0
1821,1150813,2.0,21.0,7.0
1822,403236,3.0,18.0,6.0
1823,399804,2.0,17.0,8.0
1824,403236,0.0,18.0,6.0
1825,399779,2.0,17.0,8.0
1826,399802,1.0,23.0,8.0
1827,399776,3.0,20.0,7.0
1828,403266,0.0,18.0,6.0
1829,2668945,2.0,23.0,6.0
1830,396133,7.0,25.0,8.0
1831,403266,0.0,17.0,7.0
1832,403211,2.0,9.0,6.0
1833,399781,1.0,23.0,8.0
1834,403240,0.0,6.0,6.0
1835,399800,0.0,18.0,7.0
1836,403266,4.0,19.0,6.0
1837,399805,3.0,21.0,6.0
1838,403236,1.0,12.0,7.0
1839,3004698,5.0,28.0,8.0
1840,403232,8.0,26.0,7.0
1841,403266,0.0,12.0,6.0
1842,403232,8.0,26.0,7.0
1843,3182556,0.0,18.0,8.0
1844,403217,0.0,12.0,8.0
1845,399779,0.0,15.0,8.0
1846,403268,0.0,35.0,6.0
1847,3182557,0.0,20.0,8.0
1848,396157,2.0,34.0,7.0
1849,403268,2.0,25.0,6.0
1850,403266,3.0,18.0,6.0
1851,399776,0.0,18.0,7.0
1852,399802,1.0,24.0,8.0
1853,1150801,1.0,10.0,8.0
1854,399802,2.0,23.0,6.0
1855,244814,1.0,24.0,6.0
1856,2668945,2.0,33.0,6.0
1857,403240,2.0,12.0,6.0
1858,403236,2.0,21.0,6.0
1859,244618,2.0,18.0,6.0
1860,403268,2.0,18.0,6.0
1861,399800,2.0,20.0,7.0
1862,396157,3.0,29.0,6.0
1863,403268,0.0,20.0,6.0
1864,1150801,2.0,20.0,8.0
1865,403268,0.0,12.0,6.0
1866,399802,4.0,20.0,7.0
1867,396133,6.0,26.0,6.0
1868,399802,0.0,18.0,7.0
1869,399781,2.0,17.0,8.0
1870,3182557,0.0,22.0,8.0
1871,403232,0.0,16.0,7.0
1872,403268,0.0,18.0,6.0
1873,396133,1.0,24.0,7.0
1874,244814,0.0,20.0,8.0
1875,403266,2.0,25.0,6.0
1876,399779,2.0,17.0,8.0
1877,399802,3.0,20.0,7.0
1878,399776,1.0,19.0,7.0
1879,396157,2.0,18.0,7.0
1880,3004698,1.0,23.0,8.0
1881,403268,0.0,35.0,7.0
1882,403232,0.0,12.0,8.0
1883,396133,2.0,18.0,8.0
1884,3182557,4.0,25.0,7.0
1885,396133,2.0,25.0,7.0
1886,2669024,2.0,21.0,7.0
1887,399802,3.0,20.0,7.0
1888,396161,3.0,24.0,6.0
1889,399800,2.0,17.0,8.0
1890,399802,2.0,17.0,8.0
1891,244814,0.0,17.0,6.0
1892,1596000,1.0,19.0,6.0
1893,403236,0.0,20.0,6.0
1894,396133,6.0,29.0,7.0
1895,403268,1.0,20.0,6.0
1896,399805,3.0,26.0,6.0
1897,403268,0.0,18.0,6.0
1898,403236,0.0,18.0,6.0
1899,399802,2.0,20.0,6.0
1900,399805,2.0,19.0,7.0
1901,403232,1.0,13.0,8.0
1902,403232,18.0,46.0,6.0
1903,403268,0.0,20.0,6.0
1904,403236,2.0,12.0,6.0
1905,396157,2.0,30.0,7.0
1906,403232,0.0,16.0,7.0
1907,403268,0.0,35.0,6.0
1908,2669024,2.0,19.0,7.0
1909,403236,0.0,18.0,6.0
1910,399800,0.0,17.0,7.0
1911,403266,3.0,18.0,6.0
1912,403240,0.0,2.0,6.0
1913,403236,1.0,12.0,7.0
1914,403268,0.0,35.0,6.0
1915,244814,4.0,27.0,6.0
1916,399805,2.0,27.0,6.0
1917,399777,0.0,17.0,7.0
1918,403236,3.0,21.0,7.0
1919,3182557,6.0,26.0,7.0
